{
    "HOME": [
        {
            "name": "赏景点",
            "type": "sjd",
            "pictures": [
                {
                    "url": "source/home/1.jpg",
                    "zhushi": {
                        "buttons": [
                            {
                                "skin": [
                                    "source/home/btn/1.png",
                                    "source/home/btn/2.png"
                                ],
                                "id": "0",
                                "coord": [
                                    "100",
                                    "100"
                                ]
                            },
                            {
                                "skin": [
                                    "source/home/btn/2.png",
                                    "source/home/btn/3.png"
                                ],
                                "id": "1",
                                "coord": [
                                    "800",
                                    "400"
                                ]
                            }
                        ]
                    }
                },
                {
                    "url": "source/home/2.jpg",
                    "buttons": [
                        {
                            "skin": [
                                "source/home/btn/1.png",
                                "source/home/btn/2.png"
                            ],
                            "id": "0",
                            "coord": [
                                "400",
                                "300"
                            ]
                        }
                    ]
                }
            ]
        },
        {
            "name": "看攻略",
            "type": "kgl",
            "pictures": [
                {
                    "url": "source/home/3.jpg"
                }
            ]
        },
        {
            "name": "尝美食",
            "type": "cms",
            "pictures": [
                {
                    "url": "source/home/4.jpg",
                    "buttons": ""
                },
                {
                    "url": "source/home/5.jpg"
                }
            ]
        },
        {
            "name": "玩乐地",
            "type": "wld",
            "pictures": [
                {
                    "url": "source/home/6.jpg"
                },
                {
                    "url": "source/home/7.jpg"
                }
            ]
        },
        {
            "name": "有活动",
            "type": "yhd",
            "pictures": [
                {
                    "url": "source/home/8.jpg"
                }
            ]
        },
        {
            "name": "买特产",
            "type": "mtc",
            "pictures": [
                {
                    "url": "source/home/9.jpg",
                    "buttons": null
                }
            ]
        },
        {
            "name": "查交通",
            "type": "cjt",
            "pictures": [
                {
                    "url": "source/home/10.jpg",
                    "buttons": null
                }
            ]
        },
        {
            "name": "电话簿",
            "type": "dhb",
            "pictures": [
                {
                    "url": "source/home/5.jpg",
                    "buttons": null
                }
            ]
        },
        {
            "name": "天气",
            "type": "tq",
            "pictures": [
                {
                    "url": "source/home/tq.jpg",
                    "buttons": null
                }
            ]
        }
    ],
    "ALLSPOTS": [
        {
            "name": "碧峰峡",
            "coordX": "300",
            "coordY": "100",
            "audio": "source/allSpots/audios/2.mp3",
            "background": "source/allSpots/bg/bg.jpg",
            "desc": "这是站点的描述",
            "atlas": [
                {
                    "name": "天衣有缝",
                    "url": "source/allSpots/pictures/t1.jpg"
                },
                {
                    "name": "天衣有缝",
                    "url": "source/allSpots/pictures/tyyf1.jpg"
                },
                {
                    "name": "天衣有缝",
                    "url": "source/allSpots/pictures/tyyf2.jpg"
                },
                {
                    "name": "千层岩瀑布",
                    "url": "source/allSpots/pictures/t2.jpg"
                },
                {
                    "name": "千层岩瀑布",
                    "url": "source/allSpots/pictures/qcypb1.jpg"
                },
                {
                    "name": "千层岩瀑布",
                    "url": "source/allSpots/pictures/qcypb2.jpg"
                },
                {
                    "name": "千层岩瀑布",
                    "url": "source/allSpots/pictures/qcypb3.jpg"
                },
                {
                    "name": "天龙凌云",
                    "url": "source/allSpots/pictures/t3.jpg"
                },
                {
                    "name": "天龙凌云",
                    "url": "source/allSpots/pictures/tlly1.jpg"
                },
                {
                    "name": "天龙凌云",
                    "url": "source/allSpots/pictures/tlly2.jpg"
                },
                {
                    "name": "大熊猫生态园",
                    "url": "source/allSpots/pictures/t4.jpg"
                },
                {
                    "name": "大熊猫生态园",
                    "url": "source/allSpots/pictures/dxm1.jpg"
                },
                {
                    "name": "大熊猫生态园",
                    "url": "source/allSpots/pictures/dxm2.jpg"
                },
                {
                    "name": "大熊猫生态园",
                    "url": "source/allSpots/pictures/dxm3.jpg"
                },
                {
                    "name": "生态动物园",
                    "url": "source/allSpots/pictures/t5.jpg"
                },
                {
                    "name": "生态动物园",
                    "url": "source/allSpots/pictures/dwy1.jpg"
                },
                {
                    "name": "生态动物园",
                    "url": "source/allSpots/pictures/dwy2.jpg"
                },
                {
                    "name": "生态动物园",
                    "url": "source/allSpots/pictures/dwy3.jpg"
                },
                {
                    "name": "碧峰寺",
                    "url": "source/allSpots/pictures/t6.jpg"
                },
                {
                    "name": "碧峰寺",
                    "url": "source/allSpots/pictures/bfs1.jpg"
                },
                {
                    "name": "鸳鸯瀑布",
                    "url": "source/allSpots/pictures/t7.jpg"
                },
                {
                    "name": "鸳鸯瀑布",
                    "url": "source/allSpots/pictures/yypb1.jpg"
                },
                {
                    "name": "摩梭女王",
                    "url": "source/allSpots/pictures/t8.jpg"
                },
                {
                    "name": "摩梭女王",
                    "url": "source/allSpots/pictures/msnw1.jpg"
                }
            ]
        },
        {
            "name": "冰川公园1",
            "coordX": "400",
            "coordY": "200",
            "audio": "source/allSpots/audios/1.mp3",
            "background": "source/allSpots/bg/bg2.jpg",
            "desc": "这是站点的描述",
            "atlas": [
                {
                    "name": "千层岩瀑布",
                    "url": "source/allSpots/pictures/qcypb1.jpg"
                },
                {
                    "name": "千层岩瀑布",
                    "url": "source/allSpots/pictures/qcypb2.jpg"
                },
                {
                    "name": "千层岩瀑布",
                    "url": "source/allSpots/pictures/qcypb3.jpg"
                },
                {
                    "name": "天龙凌云",
                    "url": "source/allSpots/pictures/t3.jpg"
                },
                {
                    "name": "天龙凌云",
                    "url": "source/allSpots/pictures/tlly1.jpg"
                },
                {
                    "name": "天龙凌云",
                    "url": "source/allSpots/pictures/tlly2.jpg"
                }
            ]
        },
        {
            "name": "冰川公园2",
            "coordX": "200",
            "coordY": "400",
            "audio": "source/allSpots/audios/3.mp3",
            "background": "source/allSpots/bg2.png",
            "desc": "这是站点的描述",
            "atlas": [
                {
                    "name": "天衣有缝",
                    "url": "source/allSpots/pictures/tyyf1.jpg"
                },
                {
                    "name": "天衣有缝",
                    "url": "source/allSpots/pictures/tyyf2.jpg"
                },
                {
                    "name": "千层岩瀑布",
                    "url": "source/allSpots/pictures/t2.jpg"
                },
                {
                    "name": "千层岩瀑布",
                    "url": "source/allSpots/pictures/qcypb1.jpg"
                },
                {
                    "name": "千层岩瀑布",
                    "url": "source/allSpots/pictures/qcypb2.jpg"
                },
                {
                    "name": "千层岩瀑布",
                    "url": "source/allSpots/pictures/qcypb3.jpg"
                }
            ]
        },
        {
            "name": "冰川公园3",
            "coordX": "500",
            "coordY": "300",
            "audio": "source/allSpots/audios/2.mp3",
            "background": "source/allSpots/bg1.png",
            "desc": "这是站点的描述",
            "atlas": [
                {
                    "name": "生态动物园",
                    "url": "source/allSpots/pictures/dwy3.jpg"
                },
                {
                    "name": "碧峰寺",
                    "url": "source/allSpots/pictures/t6.jpg"
                },
                {
                    "name": "碧峰寺",
                    "url": "source/allSpots/pictures/bfs1.jpg"
                },
                {
                    "name": "鸳鸯瀑布",
                    "url": "source/allSpots/pictures/t7.jpg"
                },
                {
                    "name": "鸳鸯瀑布",
                    "url": "source/allSpots/pictures/yypb1.jpg"
                },
                {
                    "name": "摩梭女王",
                    "url": "source/allSpots/pictures/t8.jpg"
                }
            ]
        },
        {
            "name": "冰川公园4",
            "coordX": "300",
            "coordY": "440",
            "audio": "source/allSpots/audios/1.mp3",
            "background": "source/allSpots/bg/bg.png",
            "desc": "这是站点的描述",
            "atlas": [
                {
                    "name": "生态动物园",
                    "url": "source/allSpots/pictures/dwy1.jpg"
                },
                {
                    "name": "生态动物园",
                    "url": "source/allSpots/pictures/dwy2.jpg"
                },
                {
                    "name": "生态动物园",
                    "url": "source/allSpots/pictures/dwy3.jpg"
                },
                {
                    "name": "碧峰寺",
                    "url": "source/allSpots/pictures/t6.jpg"
                },
                {
                    "name": "碧峰寺",
                    "url": "source/allSpots/pictures/bfs1.jpg"
                },
                {
                    "name": "鸳鸯瀑布",
                    "url": "source/allSpots/pictures/t7.jpg"
                }
            ]
        }
    ],
    "LINE": {
        "colorMap": "source/line/color.jpg",
        "routes": [
            {
                "name": "经典游",
                "items": [
                    {
                        "name": "经典一日有",
                        "points": [
                            4,
                            1,
                            0
                        ],
                        "lineMap": "source/line/linePic/5.jpg"
                    },
                    {
                        "name": "经典er日有",
                        "points": [
                            3,
                            2,
                            1
                        ],
                        "lineMap": "source/line/linePic/4.jpg"
                    },
                    {
                        "name": "经典san日有",
                        "points": [
                            2,
                            0,
                            1
                        ],
                        "lineMap": "source/line/linePic/1.jpg"
                    }
                ]
            },
            {
                "name": "全家游",
                "items": [
                    {
                        "name": "全家游A",
                        "points": [
                            3,
                            1,
                            0
                        ],
                        "lineMap": "source/line/linePic/1.jpg"
                    },
                    {
                        "name": "全家游B",
                        "points": [
                            2,
                            1,
                            4
                        ],
                        "lineMap": "source/line/linePic/2.jpg"
                    },
                    {
                        "name": "全家游C",
                        "points": [
                            4,
                            3,
                            1
                        ],
                        "lineMap": "source/line/linePic/4.jpg"
                    }
                ]
            }
        ]
    },
    "WLD": {
        "name": "玩乐地",
        "background": "source/play/background.jpg",
        "points": [
            {
                "name": "wanleA",
                "coordX": "10",
                "coordY": "100",
                "btnNormal": "source/play/button/1.png",
                "btnDown": "source/play/button/1.png",
                "atlas": [
                    {
                        "name": "描述文本F",
                        "url": "source/play/content/5.jpg",
                        "desc": "描述文本SSSSSS"
                    },
                    {
                        "name": "小平故里AACC",
                        "url": "source/play/content/6.jpg",
                        "desc": "描述文本DDDDD"
                    },
                    {
                        "name": "wode name A",
                        "url": "source/play/content/4.jpg",
                        "desc": "描述文本CCCC"
                    },
                    {
                        "name": "小平故里AACC",
                        "url": "source/play/content/6.jpg",
                        "desc": "描述文本DDDDD"
                    },
                    {
                        "name": "wode name A",
                        "url": "source/play/content/4.jpg",
                        "desc": "描述文本CCCC"
                    }
                ]
            },
            {
                "name": "wanleA",
                "coordX": "300",
                "coordY": "600",
                "btnNormal": "source/play/button/4.png",
                "btnDown": "source/play/button/4.png",
                "atlas": [
                    {
                        "name": "小平故里",
                        "url": "source/play/content/1.jpg",
                        "desc": "描述文本A"
                    },
                    {
                        "name": "小平故里",
                        "url": "source/play/content/2.jpg",
                        "desc": "描述文本C"
                    },
                    {
                        "name": "小平故里AACC",
                        "url": "source/play/content/6.jpg",
                        "desc": "描述文本DDDDD"
                    },
                    {
                        "name": "wode name A",
                        "url": "source/play/content/4.jpg",
                        "desc": "描述文本CCCC"
                    },
                    {
                        "name": "wode name A",
                        "url": "source/play/content/3.jpg",
                        "desc": "描述文本D"
                    }
                ]
            }
        ]
    },
    "SJD": {
        "name": "赏景点",
        "background": "source/lookSpot/bg.jpg",
        "points": [
            {
                "name": "碧峰峡",
                "coordX": "131",
                "coordY": "193",
                "btnNormal": "source/play/button/1.png",
                "btnDown": "source/play/button/1.png",
                "type": "0",
                "spotId": 0
            },
            {
                "name": "碧峰峡XXX",
                "coordX": "100",
                "coordY": "500",
                "btnNormal": "source/play/button/2.png",
                "btnDown": "source/play/button/2.png",
                "type": "1",
                "spotId": 1
            },
            {
                "name": "碧峰峡",
                "coordX": "231",
                "coordY": "393",
                "btnNormal": "source/play/button/1.png",
                "btnDown": "source/play/button/1.png",
                "type": "2",
                "spotId": 2
            },
            {
                "name": "碧峰峡XXX",
                "coordX": "200",
                "coordY": "400",
                "btnNormal": "source/play/button/2.png",
                "btnDown": "source/play/button/2.png",
                "type": "1",
                "spotId": 1
            },
            {
                "name": "碧峰峡",
                "coordX": "531",
                "coordY": "693",
                "btnNormal": "source/play/button/1.png",
                "btnDown": "source/play/button/1.png",
                "type": "3",
                "spotId": 1
            },
            {
                "name": "碧峰峡XXX",
                "coordX": "900",
                "coordY": "506",
                "btnNormal": "source/play/button/2.png",
                "btnDown": "source/play/button/2.png",
                "type": "2",
                "spotId": 3
            }
        ]
    },
    "ACTIVITY": [
        {
            "name": "",
            "desc": "",
            "detail": {}
        },
        {
            "name": "",
            "desc": "",
            "detail": {}
        }
    ],
    "EATFOOD": {
        "background": "source/eatfood/bg.jpg",
        "desc": "",
        "lv": {
            "name": "美食街",
            "skin": [
                "source/food/btn_lv_u.png",
                "source/food/btn_lv_u.png"
            ]
        },
        "food": {
            "name": "美食街",
            "skin": [
                "source/eatfood/food/btn_ms_u.png",
                "source/eatfood/food/btn_ms_u.png"
            ],
            "items": [
                {
                    "name": "food1",
                    "picture": "source/eatfood/food/ms_1.png",
                    "dsc": "即按即说计算机的开始 等级考试iid的加减法"
                },
                {
                    "name": "food2",
                    "picture": "source/eatfood/food/ms_2.png",
                    "dsc": "即按即说计算机的开始 等级考试iid的加减法"
                },
                {
                    "name": "food3",
                    "picture": "source/eatfood/food/ms_3.png",
                    "dsc": "即按即说计算机的开始 等级考试iid的加减法"
                }
            ]
        },
        "business": {
            "name": "商业街",
            "skin": [
                "source/eatfood/business/btn_sy_u.png",
                "source/eatfood/business/btn_sy_u.png"
            ],
            "items": [
                {
                    "name": "商业街A",
                    "icon": "source/eatfood/business/icon_1.png",
                    "adress":"成都天府软件园22号",
                    "tel":"028-7847362",
                    "dsc": "即按即说计算机的开始 等级考试iid的加减法",
                    "recomend":[
                        {
                            "name":"南瓜饼",
                            "url":"source/eatfood/business/recomend/ms_1.png"
                        },
                        {
                            "name":"南瓜饼2",
                            "url":"source/eatfood/business/recomend/ms_2.png"
                        },
                        {
                            "name":"南瓜饼3",
                            "url":"source/eatfood/business/recomend/ms_3.png"
                        }
                        ]
                },
                {
                    "name": "商业街B",
                    "icon": "source/eatfood/business/icon_2.png",
                    "dsc": "即按即说计算机的开始 等级考试iid的加减法",
                    "recomend":[
                        {
                            "name":"三大炮",
                            "url":"source/eatfood/business/recomend/ms_1.png"
                        },
                        {
                            "name":"三大炮2",
                            "url":"source/eatfood/business/recomend/ms_2.png"
                        },
                        {
                            "name":"三大炮S3",
                            "url":"source/eatfood/business/recomend/ms_3.png"
                        },
                        {
                            "name":"三大炮D",
                            "url":"source/eatfood/business/recomend/ms_2.png"
                        },
                        {
                            "name":"三大炮C",
                            "url":"source/eatfood/business/recomend/ms_3.png"
                        },
                        {
                            "name":"三大炮2",
                            "url":"source/eatfood/business/recomend/ms_2.png"
                        },
                        {
                            "name":"三大炮S3",
                            "url":"source/eatfood/business/recomend/ms_3.png"
                        },
                        {
                            "name":"三大炮D",
                            "url":"source/eatfood/business/recomend/ms_2.png"
                        },
                        {
                            "name":"三大炮C",
                            "url":"source/eatfood/business/recomend/ms_3.png"
                        }
                        ]
                },
                {
                    "name": "商业街C",
                    "icon": "source/eatfood/business/icon_3.png",
                    "dsc": "即按即说计算机的开始 等级考试iid的加减法",
                    "recomend":[
                        
                        ]
                },
                {
                    "name": "商业街D",
                    "icon": "source/eatfood/business/icon_4.png",
                    "dsc": "即按即说计算机的开始 等级考试iid的加减法",
                    "recomend":[
                        
                        ]
                }
            ]
        }
    },
    "TIP": {}
}